Weight,Height,BMI
83.92,1.7272,28.13067909872844
80.0,1.5,35.55555555555556
75.0,1.7272,25.140621215498484
90.0,1.7272,30.16874545859818
77.0,1.7272,25.81103778124511
72.0,1.7272,24.134996366878546
